CODICE,ISTITUTO,TIPO,COMUNE,ASL,DATA,STATO_IN_PS,ROSSO_ATT,GIALLO_ATT,VERDE_ATT,BIANCO_ATT,NONESEG_ATT,TOT_ATT,STATO_IN_PS1,ROSSI_TRATT,GIALLI_TRATT,VERDI_TRATT,BIANCHI_TRATT,NONESEG_TRATT,TOT_TRATT,STATO_IN_PS2,ROSSI_OB,GIALLI_OB,VERDI_OB,BIANCHI_OB,TOT_OB,TOT_RT,TUTTI,LATITUDINE,LONGITUDINE,GEOCODE_SOURCE
29200,Ospedale dei Castelli,PS,Ariccia,RM6,31/07/2021 16:34,ATTESA,0,0,7,1,0,8,TRATTAMENTO,0,0,12,0,0,12,OSSERVAZIONE_BREVE,5,1,0,0,6,16,42,41.677133,12.648258,"Ospedale dei Castelli, Ariccia, Lazio, Italia"
04300,Ospedali Riuniti,DEA I,Anzio,RM6,31/07/2021 16:34,ATTESA,0,0,3,0,1,4,TRATTAMENTO,1,4,15,0,0,20,OSSERVAZIONE_BREVE,0,0,3,0,3,14,41,41.460540,12.636757,"Ospedali Riuniti, Anzio, Lazio, Italia"
92000,Pol. Univ. Tor Vergata,DEA I,Roma,RM2,31/07/2021 16:33,ATTESA,0,0,21,2,0,23,TRATTAMENTO,4,13,32,0,0,49,OSSERVAZIONE_BREVE,0,9,9,0,18,27,117,41.857627,12.630981,"Policlinico Tor Vergata, Viale Oxford, Roma, Italia"
91900,Sant'Andrea,DEA I,Roma,RM1,31/07/2021 16:33,ATTESA,0,1,4,0,0,5,TRATTAMENTO,3,15,14,0,0,32,OSSERVAZIONE_BREVE,0,0,1,0,1,20,58,41.903315,12.483393,"Sant'Andrea, Roma, Lazio, Italia"
91500,Campus Biomedico,DEA I,Roma,RM2,31/07/2021 16:33,ATTESA,0,0,12,0,0,12,TRATTAMENTO,0,0,12,1,0,13,OSSERVAZIONE_BREVE,0,0,3,0,3,10,38,41.771441,12.467461,"Campus Biomedico, Roma, Lazio, Italia"
90600,Pol. Univ. Umberto I,DEA II,Roma,RM1,31/07/2021 16:33,ATTESA,0,1,7,8,0,16,TRATTAMENTO,8,16,20,2,0,46,OSSERVAZIONE_BREVE,0,0,0,0,0,53,115,41.906457,12.512125,"Policlinico Umberto I, Viale del Policlinico, Roma, Italia"
90501,Pol. Univ. A. Gemelli,DEA II,Roma,RM1,31/07/2021 16:33,ATTESA,0,1,15,0,0,16,TRATTAMENTO,4,10,29,0,0,43,OSSERVAZIONE_BREVE,1,1,8,0,10,29,98,41.931534,12.429439,"Policlinico Universitario Agostino Gemelli, Largo Agostino Gemelli, Roma, Italia"
90402,Bambino Gesu' Palidoro,PS,Palidoro,RM3,31/07/2021 16:33,ATTESA,0,0,2,0,0,2,TRATTAMENTO,0,1,5,0,0,6,OSSERVAZIONE_BREVE,0,0,0,0,0,1,9,41.919232,12.141720,"Bambino Gesu' Palidoro, Palidoro, Lazio, Italia"
90401,Bambino Gesu',DEA II,Roma,RM1,31/07/2021 16:33,ATTESA,0,0,0,0,0,0,TRATTAMENTO,0,2,7,0,0,9,OSSERVAZIONE_BREVE,0,0,0,0,0,1,10,41.897077,12.460700,"Bambino Gesu', Roma, Lazio, Italia"
90200,San Giovanni Addolorata,DEA II,Roma,RM1,31/07/2021 16:33,ATTESA,0,2,3,0,0,5,TRATTAMENTO,0,8,5,0,0,13,OSSERVAZIONE_BREVE,2,2,0,0,4,6,28,41.885272,12.498619,"San Giovanni Addolorata, Roma, Lazio, Italia"
90100,San Camillo-Forlanini,DEA II,Roma,RM3,31/07/2021 16:33,ATTESA,0,0,5,0,0,5,TRATTAMENTO,1,6,18,0,0,25,OSSERVAZIONE_BREVE,2,10,8,0,20,54,104,41.869599,12.455999,"San Camillo-Forlanini, Roma, Lazio, Italia"
29400,Policlinico Casilino,DEA I,Roma,RM2,31/07/2021 16:33,ATTESA,0,1,33,0,0,34,TRATTAMENTO,2,9,11,0,0,22,OSSERVAZIONE_BREVE,0,0,0,0,0,27,83,41.868666,12.589591,"Policlinico Casilino, Roma, Lazio, Italia"
28501,San Filippo Neri,DEA I,Roma,RM1,31/07/2021 16:33,ATTESA,0,1,4,0,1,6,TRATTAMENTO,0,7,12,0,0,19,OSSERVAZIONE_BREVE,0,6,4,0,10,5,40,41.697071,12.650074,"San Filippo Neri, Roma, Lazio, Italia"
27100,Belcolle,DEA I,Viterbo,VT,31/07/2021 16:33,ATTESA,0,0,7,0,1,8,TRATTAMENTO,2,12,13,0,0,27,OSSERVAZIONE_BREVE,1,1,1,0,3,22,60,42.394207,12.120705,"Belcolle, Viterbo, Lazio, Italia"
26700,Sandro Pertini,DEA I,Roma,RM2,31/07/2021 16:33,ATTESA,0,0,1,0,0,1,TRATTAMENTO,4,13,10,0,0,27,OSSERVAZIONE_BREVE,0,0,1,0,1,49,78,41.895062,12.539174,"Sandro Pertini, Roma, Lazio, Italia"
22800,Santa Scolastica,DEA I,Cassino,FR,31/07/2021 16:33,ATTESA,0,0,0,0,0,0,TRATTAMENTO,1,6,7,0,0,14,OSSERVAZIONE_BREVE,0,0,0,0,0,5,19,41.495225,13.829899,"Santa Scolastica, Cassino, Lazio, Italia"
22600,Santissima Trinita',PS,Sora,FR,31/07/2021 16:33,ATTESA,0,0,4,0,0,4,TRATTAMENTO,0,2,11,0,0,13,OSSERVAZIONE_BREVE,0,1,3,0,4,5,26,41.729699,13.636263,"Santissima Trinita', Sora, Lazio, Italia"
21602,San Benedetto,PS,Alatri,FR,31/07/2021 16:33,ATTESA,0,0,8,0,0,8,TRATTAMENTO,0,4,6,0,0,10,OSSERVAZIONE_BREVE,0,3,2,0,5,4,27,41.725881,13.340705,"San Benedetto, Alatri, Lazio, Italia"
21601,F. Spaziani,DEA I,Frosinone,FR,31/07/2021 16:33,ATTESA,0,0,0,0,0,0,TRATTAMENTO,1,12,13,0,0,26,OSSERVAZIONE_BREVE,0,0,0,0,0,9,35,41.668823,13.146882,"F. Spaziani, Frosinone, Lazio, Italia"
21500,Citta' di Aprilia,PS,Aprilia,LT,31/07/2021 16:33,ATTESA,0,1,6,0,0,7,TRATTAMENTO,1,1,5,0,0,7,OSSERVAZIONE_BREVE,0,0,0,0,0,0,14,41.587671,12.648479,"Citta' di Aprilia, Aprilia, Lazio, Italia"
20600,Dono Svizzero,DEA I,Formia,LT,31/07/2021 16:33,ATTESA,0,0,7,0,0,7,TRATTAMENTO,1,5,8,0,0,14,OSSERVAZIONE_BREVE,0,0,0,0,0,0,21,41.261792,13.618282,"Dono Svizzero, Formia, Lazio, Italia"
20402,San Giovanni di Dio,PS,Fondi,LT,31/07/2021 16:33,ATTESA,0,0,2,0,0,2,TRATTAMENTO,0,1,4,0,0,5,OSSERVAZIONE_BREVE,0,0,0,0,0,1,8,41.361258,13.415199,"San Giovanni di Dio, Fondi, Lazio, Italia"
20401,A. Fiorini,PS,Terracina,LT,31/07/2021 16:33,ATTESA,0,1,10,1,0,12,TRATTAMENTO,1,5,7,0,0,13,OSSERVAZIONE_BREVE,0,0,0,0,0,1,26,41.288531,13.240338,"A. Fiorini, Terracina, Lazio, Italia"
20000,Santa Maria Goretti,DEA I,Latina,LT,31/07/2021 16:33,ATTESA,0,2,15,0,0,17,TRATTAMENTO,8,4,55,0,0,67,OSSERVAZIONE_BREVE,1,0,6,0,7,38,129,41.471023,12.900498,"Santa Maria Goretti, Latina, Lazio, Italia"
18000,Aurelia Hospital,DEA I,Roma,RM1,31/07/2021 16:33,ATTESA,0,0,6,0,0,6,TRATTAMENTO,1,4,11,0,0,16,OSSERVAZIONE_BREVE,0,0,0,0,0,7,29,41.887076,12.398394,"Aurelia Hospital, Roma, Lazio, Italia"
07600,Madre G. Vannini,DEA I,Roma,RM2,31/07/2021 16:33,ATTESA,0,0,0,0,0,0,TRATTAMENTO,0,2,9,0,0,11,OSSERVAZIONE_BREVE,0,1,0,0,1,1,13,41.880980,12.543406,"Ospedale Madre Giuseppina Vannini, Via di Acqua Bullicante, Roma, Italia"
07400,Cristo Re,PS,Roma,RM1,31/07/2021 16:33,ATTESA,0,0,1,0,0,1,TRATTAMENTO,0,0,4,0,0,4,OSSERVAZIONE_BREVE,0,0,0,0,0,0,5,41.927430,12.513655,"Cristo Re, Roma, Lazio, Italia"
07300,San Carlo di Nancy,PS,Roma,RM1,31/07/2021 16:33,ATTESA,0,0,10,0,0,10,TRATTAMENTO,0,0,3,0,0,3,OSSERVAZIONE_BREVE,0,0,0,0,0,0,13,41.897578,12.438700,"San Carlo di Nancy, Roma, Lazio, Italia"
07200,San Giovanni Calibita-FBF,DEA I,Roma,RM1,31/07/2021 16:33,ATTESA,0,0,5,0,1,6,TRATTAMENTO,0,0,11,0,0,11,OSSERVAZIONE_BREVE,0,0,0,0,0,1,18,41.893320,12.482932,"Roma, Lazio, Italia"
07100,San Pietro-FBF,DEA I,Roma,RM1,31/07/2021 16:33,ATTESA,0,1,1,0,0,2,TRATTAMENTO,0,2,9,0,0,11,OSSERVAZIONE_BREVE,0,2,3,0,5,0,18,41.964738,12.452391,"San Pietro-FBF, Roma, Lazio, Italia"
06602,C.T.O. Andrea Alesini,PS SPEC.,Roma,RM2,31/07/2021 16:33,ATTESA,0,0,6,0,0,6,TRATTAMENTO,0,1,7,0,0,8,OSSERVAZIONE_BREVE,0,0,0,0,0,0,14,41.857802,12.486769,"CTO Andrea Alesini, Via San Nemesio, Roma, Italia"
06601,Sant'Eugenio,DEA I,Roma,RM2,31/07/2021 16:33,ATTESA,0,1,6,0,1,8,TRATTAMENTO,4,16,16,0,0,36,OSSERVAZIONE_BREVE,0,0,0,0,0,13,57,41.821253,12.472258,"Sant'Eugenio, Roma, Lazio, Italia"
06100,G. Battista Grassi,DEA I,Roma,RM3,31/07/2021 16:33,ATTESA,0,0,5,0,1,6,TRATTAMENTO,2,2,8,0,0,12,OSSERVAZIONE_BREVE,1,1,2,0,4,9,31,41.772378,12.227273,"G. Battista Grassi, Roma, Lazio, Italia"
05900,Padre Pio,PS,Bracciano,RM4,31/07/2021 16:33,ATTESA,0,0,1,2,0,3,TRATTAMENTO,0,5,5,0,0,10,OSSERVAZIONE_BREVE,0,0,0,0,0,4,17,42.096253,12.173197,"Padre Pio, Bracciano, Lazio, Italia"
05300,San Giovanni Evangelista,DEA I,Tivoli,RM5,31/07/2021 16:33,ATTESA,0,0,8,1,0,9,TRATTAMENTO,0,10,12,0,0,22,OSSERVAZIONE_BREVE,0,0,0,0,0,0,31,41.959987,12.801963,"San Giovanni Evangelista, Tivoli, Lazio, Italia"
05200,A. Angelucci,PS,Subiaco,RM5,31/07/2021 16:33,ATTESA,0,0,2,0,1,3,TRATTAMENTO,0,1,1,0,0,2,OSSERVAZIONE_BREVE,0,0,0,0,0,0,5,41.932207,13.086293,"Ospedale A. Angelucci, Subiaco, Italia"
05100,Coniugi Bernardini,PS,Palestrina,RM5,31/07/2021 16:33,ATTESA,0,0,0,0,0,0,TRATTAMENTO,0,2,3,0,0,5,OSSERVAZIONE_BREVE,0,1,0,0,1,0,6,41.836454,12.886327,"Coniugi Bernardini, Palestrina, Lazio, Italia"
04900,Santissimo Gonfalone,PS,Monterotondo,RM5,31/07/2021 16:33,ATTESA,0,0,1,0,0,1,TRATTAMENTO,1,1,1,0,0,3,OSSERVAZIONE_BREVE,0,0,0,0,0,4,8,42.051799,12.618397,"Monterotondo, Lazio, Italia"
04600,L. Parodi Delfino,PS,Colleferro,RM5,31/07/2021 16:33,ATTESA,0,1,6,0,0,7,TRATTAMENTO,1,3,3,0,0,7,OSSERVAZIONE_BREVE,1,1,1,0,3,8,25,41.737953,13.010558,"L. Parodi Delfino, Colleferro, Lazio, Italia"
04500,San Paolo,DEA I,Civitavecchia,RM4,31/07/2021 16:33,ATTESA,0,0,8,0,0,8,TRATTAMENTO,1,2,10,0,0,13,OSSERVAZIONE_BREVE,0,0,4,0,4,18,43,42.098159,11.809759,"San Paolo, Civitavecchia, Lazio, Italia"
03000,Oftalmico,PS SPEC.,Roma,RM1,31/07/2021 16:33,ATTESA,0,0,10,5,0,15,TRATTAMENTO,0,0,3,0,0,3,OSSERVAZIONE_BREVE,0,0,0,0,0,0,18,41.908118,12.448466,"Oftalmico, Roma, Lazio, Italia"
02601,Santo Spirito,DEA I,Roma,RM1,31/07/2021 16:33,ATTESA,0,1,6,0,0,7,TRATTAMENTO,2,3,7,0,0,12,OSSERVAZIONE_BREVE,1,1,2,0,4,11,34,41.901056,12.462558,"Santo Spirito, Roma, Lazio, Italia"
01901,San Camillo De Lellis,DEA I,Rieti,RI,31/07/2021 16:33,ATTESA,0,8,5,0,0,13,TRATTAMENTO,3,5,10,0,0,18,OSSERVAZIONE_BREVE,2,3,3,0,8,1,40,42.414736,12.885888,"Rieti, Lazio, Italia"
00700,Ospedale Civile,PS,Tarquinia,VT,31/07/2021 16:33,ATTESA,0,0,1,0,0,1,TRATTAMENTO,0,2,8,0,0,10,OSSERVAZIONE_BREVE,0,0,1,0,1,0,12,42.253239,11.759175,"Tarquinia, Lazio, Italia"
13400,Sant'Anna,PS,Pomezia,RM6,31/07/2021 16:32,ATTESA,0,0,1,0,0,1,TRATTAMENTO,2,3,4,0,0,9,OSSERVAZIONE_BREVE,0,0,0,0,0,0,10,41.672058,12.496306,"Sant'Anna, Pomezia, Lazio, Italia"
05400,P. Colombo,DEA I,Velletri,RM6,31/07/2021 16:32,ATTESA,0,0,4,0,0,4,TRATTAMENTO,0,1,13,0,0,14,OSSERVAZIONE_BREVE,0,0,0,0,0,14,32,41.689190,12.778476,"P. Colombo, Velletri, Lazio, Italia"
04700,San Sebastiano Martire,PS,Frascati,RM6,31/07/2021 16:32,ATTESA,0,0,4,1,1,6,TRATTAMENTO,1,1,4,0,0,6,OSSERVAZIONE_BREVE,1,3,3,0,7,0,19,41.808245,12.680368,"Frascati, Lazio, Italia"
00300,Andosilla,PS,Civitacastellana,VT,31/07/2021 16:32,ATTESA,0,0,1,0,1,2,TRATTAMENTO,0,0,4,0,0,4,OSSERVAZIONE_BREVE,0,0,0,0,0,0,6,42.290496,12.420642,"Ospedale Andosilla, Civita Castellana, Italia"
00200,Ospedale Civile,PS,Acquapendente,VT,31/07/2021 16:32,ATTESA,0,0,0,0,0,0,TRATTAMENTO,0,0,0,0,0,0,OSSERVAZIONE_BREVE,0,0,0,0,0,0,0,42.743996,11.864988,"Acquapendente, Lazio, Italia"
